{"@module": "pymatgen.core.structure", "@class": "Structure", "charge": 0, "lattice": {"matrix": [[2.001328, -3.466402, 0.0], [2.001328, 3.466402, 0.0], [0.0, 0.0, 9.803856]], "pbc": [true, true, true], "a": 4.002656191729187, "b": 4.002656191729187, "c": 9.803856, "alpha": 90.0, "beta": 90.0, "gamma": 120.00000316907081, "volume": 136.02668597010646}, "properties": {"material_id": "mp-1183057"}, "sites": [{"species": [{"element": "Ac", "occu": 1}], "abc": [0.655046, 0.655046, 0.0], "properties": {"magmom": 0.001}, "label": "Ac", "xyz": [2.621923802176, 6.502081532744341e-18, 0.0]}, {"species": [{"element": "Ac", "occu": 1}], "abc": [0.344954, 0.0, 0.333333], "properties": {"magmom": 0.001}, "label": "Ac", "xyz": [0.690366098912, -1.195749235508, 3.2679487320479996]}, {"species": [{"element": "Ac", "occu": 1}], "abc": [0.0, 0.344954, 0.666667], "properties": {"magmom": 0.001}, "label": "Ac", "xyz": [0.690366098912, 1.195749235508, 6.535907267952]}]}
