{"@module": "pymatgen.core.structure", "@class": "Structure", "charge": 0, "lattice": {"matrix": [[3.48820304, -0.0, 2.01391491], [1.16273435, 3.28870854, 2.01391491], [0.0, -0.0, 4.02782982]], "pbc": [true, true, true], "a": 4.027829901198107, "b": 4.0278292285621005, "c": 4.02782982, "alpha": 59.99999514264196, "beta": 60.00000066686326, "gamma": 59.999994872937556, "volume": 46.205987384126566}, "properties": {"material_id": "mp-10018"}, "sites": [{"species": [{"element": "Ac", "occu": 1}], "abc": [-0.0, -0.0, 0.0], "properties": {"magmom": -0.0}, "label": "Ac", "xyz": [0.0, 0.0, 0.0]}]}
