{"@module": "pymatgen.core.structure", "@class": "Structure", "charge": 0, "lattice": {"matrix": [[3.9173015749846063, 0.0, 2.3986554175498917e-16], [6.299501388346706e-16, 3.9173015749846063, 2.3986554175498917e-16], [0.0, 0.0, 3.9173015749846063]], "pbc": [true, true, true], "a": 3.9173015749846063, "b": 3.9173015749846063, "c": 3.9173015749846063, "alpha": 90.0, "beta": 90.0, "gamma": 90.0, "volume": 60.11197837629314}, "sites": [{"species": [{"element": "Pd", "occu": 1}], "abc": [0.0, 0.0, 0.0], "xyz": [0.0, 0.0, 0.0], "label": "Pd", "properties": {}}, {"species": [{"element": "Pd", "occu": 1}], "abc": [0.0, 0.5, 0.5], "xyz": [3.149750694173353e-16, 1.9586507874923031, 1.9586507874923034], "label": "Pd", "properties": {}}, {"species": [{"element": "Pd", "occu": 1}], "abc": [0.5, 0.0, 0.5], "xyz": [1.9586507874923031, 0.0, 1.9586507874923034], "label": "Pd", "properties": {}}, {"species": [{"element": "Pd", "occu": 1}], "abc": [0.5, 0.5, 0.0], "xyz": [1.9586507874923034, 1.9586507874923031, 2.3986554175498917e-16], "label": "Pd", "properties": {}}]}
