{"@module": "pymatgen.core.structure", "@class": "Structure", "charge": 0, "lattice": {"matrix": [[4.04604073, -2e-08, 0.0], [-2.02302089, 3.50397384, 0.0], [0.0, 0.0, 13.01703648]], "pbc": [true, true, true], "a": 4.04604073, "b": 4.046040804636149, "c": 13.01703648, "alpha": 90.0, "beta": 90.0, "gamma": 120.0000082576264, "volume": 184.54540076862065}, "properties": {"material_id": "mp-862690"}, "sites": [{"species": [{"element": "Ac", "occu": 1}], "abc": [-0.0, -0.0, 0.0], "properties": {"magmom": 0.0}, "label": "Ac", "xyz": [0.0, 0.0, 0.0]}, {"species": [{"element": "Ac", "occu": 1}], "abc": [0.333334, 0.666668, 0.25], "properties": {"magmom": 0.0}, "label": "Ac", "xyz": [-3.50000700312094e-07, 2.33598722529844, 3.25425912]}, {"species": [{"element": "Ac", "occu": 1}], "abc": [-0.0, -0.0, 0.5], "properties": {"magmom": 0.0}, "label": "Ac", "xyz": [0.0, 0.0, 6.50851824]}, {"species": [{"element": "Ac", "occu": 1}], "abc": [0.666667, 0.333333, 0.75], "properties": {"magmom": 0.0}, "label": "Ac", "xyz": [2.0230222130205395, 1.16799009867538, 9.76277736]}]}
