{"@module": "pymatgen.core.structure", "@class": "Structure", "charge": 0, "lattice": {"matrix": [[6.256930122878799, 0.0, 3.831264723736088e-16], [1.0061911048045417e-15, 6.256930122878799, 3.831264723736088e-16], [0.0, 0.0, 6.256930122878799]], "pbc": [true, true, true], "a": 6.256930122878799, "b": 6.256930122878799, "c": 6.256930122878799, "alpha": 90.0, "beta": 90.0, "gamma": 90.0, "volume": 244.95364960649798}, "sites": [{"species": [{"element": "Cs", "occu": 1}], "abc": [0.0, 0.0, 0.0], "xyz": [0.0, 0.0, 0.0], "label": "Cs", "properties": {}}, {"species": [{"element": "Cs", "occu": 1}], "abc": [0.5, 0.5, 0.5], "xyz": [3.1284650614394, 3.1284650614393996, 3.1284650614394], "label": "Cs", "properties": {}}]}
